INSERT INTO alunos (nome, data_nascimento, matricula, email) VALUES
('João Silva', '2002-05-14', 'MATR001', 'joao.silva@email.com'),
('Maria Oliveira', '2001-08-22', 'MATR002', 'maria.oliveira@email.com'),
('Carlos Pereira', '2000-11-03', 'MATR003', 'carlos.pereira@email.com'),
('Ana Costa', '2002-03-12', 'MATR004', 'ana.costa@email.com'),
('Luiz Santos', '2001-06-18', 'MATR005', 'luiz.santos@email.com'),
('Fernanda Souza', '2003-02-24', 'MATR006', 'fernanda.souza@email.com'),
('Ricardo Almeida', '2002-07-29', 'MATR007', 'ricardo.almeida@email.com'),
('Patricia Lima', '2000-12-11', 'MATR008', 'patricia.lima@email.com'),
('Rafael Martins', '2001-09-05', 'MATR009', 'rafael.martins@email.com'),
('Juliana Rocha', '2002-04-19', 'MATR010', 'juliana.rocha@email.com'),
('Gustavo Silva', '2001-01-23', 'MATR011', 'gustavo.silva@email.com'),
('Beatriz Fernandes', '2000-10-10', 'MATR012', 'beatriz.fernandes@email.com'),
('Marcos Oliveira', '2003-06-30', 'MATR013', 'marcos.oliveira@email.com'),
('Carla Costa', '2002-09-13', 'MATR014', 'carla.costa@email.com'),
('Lucas Souza', '2001-12-20', 'MATR015', 'lucas.souza@email.com'),
('Paula Lima', '2000-04-01', 'MATR016', 'paula.lima@email.com'),
('Fábio Pereira', '2002-02-14', 'MATR017', 'fabio.pereira@email.com'),
('Renata Silva', '2003-01-08', 'MATR018', 'renata.silva@email.com'),
('André Martins', '2001-05-21', 'MATR019', 'andre.martins@email.com'),
('Simone Rocha', '2002-11-04', 'MATR020', 'simone.rocha@email.com'),
('Eduardo Souza', '2000-07-17', 'MATR021', 'eduardo.souza@email.com'),
('Cláudia Lima', '2003-03-22', 'MATR022', 'claudia.lima@email.com'),
('Leandro Oliveira', '2001-10-09', 'MATR023', 'leandro.oliveira@email.com'),
('Tatiane Costa', '2002-06-15', 'MATR024', 'tatiane.costa@email.com'),
('Vítor Pereira', '2000-12-28', 'MATR025', 'vitor.pereira@email.com'),
('Sandra Silva', '2001-02-07', 'MATR026', 'sandra.silva@email.com'),
('Roberto Almeida', '2002-10-20', 'MATR027', 'roberto.almeida@email.com'),
('Camila Souza', '2003-05-13', 'MATR028', 'camila.souza@email.com'),
('Ricardo Lima', '2000-03-17', 'MATR029', 'ricardo.lima@email.com'),
('Tatiane Rocha', '2001-07-29', 'MATR030', 'tatiane.rocha@email.com'),
('Bruna Martins', '2002-08-11', 'MATR031', 'bruna.martins@email.com'),
('Felipe Costa', '2003-04-06', 'MATR032', 'felipe.costa@email.com'),
('Mariana Oliveira', '2000-01-18', 'MATR033', 'mariana.oliveira@email.com'),
('Felipe Pereira', '2001-12-31', 'MATR034', 'felipe.pereira@email.com'),
('Tatiane Almeida', '2002-03-14', 'MATR035', 'tatiane.almeida@email.com'),
('Ricardo Rocha', '2003-06-05', 'MATR036', 'ricardo.rocha@email.com'),
('Bruna Souza', '2000-10-30', 'MATR037', 'bruna.souza@email.com'),
('Camila Lima', '2001-04-21', 'MATR038', 'camila.lima@email.com'),
('José Martins', '2002-07-14', 'MATR039', 'jose.martins@email.com'),
('Flávia Costa', '2003-11-09', 'MATR040', 'flavia.costa@email.com'),
('Lucas Rocha', '2001-01-25', 'MATR041', 'lucas.rocha@email.com'),
('Juliana Almeida', '2002-06-07', 'MATR042', 'juliana.almeida@email.com'),
('Rafael Souza', '2000-09-18', 'MATR043', 'rafael.souza@email.com'),
('Daniela Lima', '2001-11-01', 'MATR044', 'daniela.lima@email.com'),
('Vanessa Costa', '2003-02-12', 'MATR045', 'vanessa.costa@email.com'),
('Gustavo Rocha', '2002-05-10', 'MATR046', 'gustavo.rocha@email.com'),
('Priscila Souza', '2000-06-02', 'MATR047', 'priscila.souza@email.com'),
('Marcos Lima', '2001-12-19', 'MATR048', 'marcos.lima@email.com'),
('Eduardo Rocha', '2002-04-16', 'MATR049', 'eduardo.rocha@email.com'),
('Larissa Souza', '2003-07-30', 'MATR050', 'larissa.souza@email.com');


INSERT INTO cursos (cod_curso, nome, qtde_semestres) VALUES
('C001', 'Análise e Desenvolvimento de Sistemas', 6),
('C002', 'Sistemas de Informação', 8),
('C003', 'Ciência da Computação', 8),
('C004', 'Engenharia de Software', 8),
('C005', 'Redes de Computadores', 6),
('C006', 'Banco de Dados', 5),
('C007', 'Gestão de Tecnologia da Informação', 4),
('C008', 'Desenvolvimento Web', 4),
('C009', 'Inteligência Artificial', 6),
('C010', 'Segurança da Informação', 6);


INSERT INTO turmas (cod_turma, ano, cod_curso) VALUES
('T001', 2000, 'C001'),
('T002', 2001, 'C001'),
('T003', 2002, 'C002'),
('T004', 2003, 'C002'),
('T005', 2004, 'C003'),
('T006', 2005, 'C003'),
('T007', 2006, 'C004'),
('T008', 2007, 'C004'),
('T009', 2008, 'C005'),
('T010', 2009, 'C005'),
('T011', 2010, 'C006'),
('T012', 2011, 'C006'),
('T013', 2012, 'C007'),
('T014', 2013, 'C007'),
('T015', 2014, 'C008'),
('T016', 2015, 'C008'),
('T017', 2016, 'C009'),
('T018', 2017, 'C009'),
('T019', 2018, 'C010'),
('T020', 2019, 'C010');

INSERT INTO alunos_turmas (matricula_aluno, cod_turma) VALUES
('MATR001', 'T001'),
('MATR002', 'T002'),
('MATR003', 'T003'),
('MATR004', 'T004'),
('MATR005', 'T005'),
('MATR006', 'T006'),
('MATR007', 'T007'),
('MATR008', 'T008'),
('MATR009', 'T009'),
('MATR010', 'T010'),
('MATR011', 'T011'),
('MATR012', 'T012'),
('MATR013', 'T013'),
('MATR014', 'T014'),
('MATR015', 'T015'),
('MATR016', 'T016'),
('MATR017', 'T017'),
('MATR018', 'T018'),
('MATR019', 'T019'),
('MATR020', 'T020'),
('MATR021', 'T001'),
('MATR022', 'T002'),
('MATR023', 'T003'),
('MATR024', 'T004'),
('MATR025', 'T005'),
('MATR026', 'T006'),
('MATR027', 'T007'),
('MATR028', 'T008'),
('MATR029', 'T009'),
('MATR030', 'T010'),
('MATR031', 'T011'),
('MATR032', 'T012'),
('MATR033', 'T013'),
('MATR034', 'T014'),
('MATR035', 'T015'),
('MATR036', 'T016'),
('MATR037', 'T017'),
('MATR038', 'T018'),
('MATR039', 'T019'),
('MATR040', 'T020'),
('MATR041', 'T001'),
('MATR042', 'T002'),
('MATR043', 'T003'),
('MATR044', 'T004'),
('MATR045', 'T005'),
('MATR046', 'T006'),
('MATR047', 'T007'),
('MATR048', 'T008'),
('MATR049', 'T009'),
('MATR050', 'T010');


INSERT INTO professores (ni_professor, nome, email) VALUES
('P001', 'Carlos Silva', 'carlos.silva@email.com'),
('P002', 'Maria Oliveira', 'maria.oliveira@email.com'),
('P003', 'José Santos', 'jose.santos@email.com'),
('P004', 'Fernanda Costa', 'fernanda.costa@email.com'),
('P005', 'Ricardo Almeida', 'ricardo.almeida@email.com'),
('P006', 'Patricia Lima', 'patricia.lima@email.com'),
('P007', 'Juliana Rocha', 'juliana.rocha@email.com'),
('P008', 'Gustavo Martins', 'gustavo.martins@email.com'),
('P009', 'Roberto Souza', 'roberto.souza@email.com'),
('P010', 'Cláudia Pereira', 'claudia.pereira@email.com');


-- Disciplinas para o curso C001
INSERT INTO disciplinas (cod_disciplina, nome, carga_horaria, cod_curso) VALUES
('D001', 'Lógica de Programação', 60, 'C001'),
('D002', 'Estruturas de Dados', 80, 'C001'),
('D003', 'Banco de Dados I', 60, 'C001'),
('D004', 'Desenvolvimento Web', 70, 'C001'),
('D005', 'Programação Orientada a Objetos', 60, 'C001'),
('D006', 'Análise de Sistemas', 80, 'C001'),
('D007', 'Redes de Computadores', 60, 'C001'),
('D008', 'Algoritmos e Programação', 70, 'C001'),
('D009', 'Matemática Discreta', 80, 'C001'),
('D010', 'Tecnologias Emergentes', 60, 'C001'),

-- Disciplinas para o curso C002
('D011', 'Arquitetura de Sistemas', 70, 'C002'),
('D012', 'Gestão de Projetos de TI', 80, 'C002'),
('D013', 'Estruturas de Dados Avançadas', 60, 'C002'),
('D014', 'Computação em Nuvem', 70, 'C002'),
('D015', 'Banco de Dados II', 80, 'C002'),
('D016', 'Engenharia de Software', 90, 'C002'),
('D017', 'Inteligência Artificial', 70, 'C002'),
('D018', 'Programação Web Avançada', 60, 'C002'),
('D019', 'Sistemas Operacionais', 80, 'C002'),
('D020', 'Segurança da Informação', 90, 'C002'),

-- Disciplinas para o curso C003
('D021', 'Fundamentos de Programação', 70, 'C003'),
('D022', 'Análise de Algoritmos', 60, 'C003'),
('D023', 'Sistemas de Banco de Dados', 80, 'C003'),
('D024', 'Teoria da Computação', 60, 'C003'),
('D025', 'Engenharia de Software II', 80, 'C003'),
('D026', 'Modelagem de Dados', 70, 'C003'),
('D027', 'Redes de Computadores Avançadas', 60, 'C003'),
('D028', 'Desenvolvimento de Aplicações', 80, 'C003'),
('D029', 'Computação Gráfica', 60, 'C003'),
('D030', 'Sistemas Distribuídos', 80, 'C003'),

-- Disciplinas para o curso C004
('D031', 'Desenvolvimento de Software', 70, 'C004'),
('D032', 'Programação de Dispositivos Móveis', 60, 'C004'),
('D033', 'Modelagem e Simulação de Sistemas', 80, 'C004'),
('D034', 'Arquitetura de Sistemas Computacionais', 90, 'C004'),
('D035', 'Gestão de TI', 70, 'C004'),
('D036', 'Metodologias Ágeis', 80, 'C004'),
('D037', 'Sistemas de Informação Gerenciais', 70, 'C004'),
('D038', 'Tecnologias de Desenvolvimento de Software', 80, 'C004'),
('D039', 'Redes de Comunicação de Dados', 60, 'C004'),
('D040', 'Planejamento de Sistemas de Informação', 80, 'C004'),

-- Disciplinas para o curso C005
('D041', 'Introdução a Redes de Computadores', 60, 'C005'),
('D042', 'Segurança de Redes', 80, 'C005'),
('D043', 'Programação de Redes', 70, 'C005'),
('D044', 'Gestão de Infraestrutura de TI', 90, 'C005'),
('D045', 'Firewall e VPN', 60, 'C005'),
('D046', 'Computação para Redes', 80, 'C005'),
('D047', 'Gerenciamento de Redes', 70, 'C005'),
('D048', 'Protocolos de Comunicação', 60, 'C005'),
('D049', 'Sistemas Operacionais de Redes', 80, 'C005'),
('D050', 'Arquitetura de Redes Avançada', 70, 'C005'),

-- Disciplinas para o curso C006
('D051', 'Banco de Dados Avançado', 70, 'C006'),
('D052', 'Programação Funcional', 60, 'C006'),
('D053', 'Computação Paralela', 80, 'C006'),
('D054', 'Inteligência Computacional', 70, 'C006'),
('D055', 'Sistemas de Computação Móvel', 60, 'C006'),
('D056', 'Algoritmos em Grafos', 80, 'C006'),
('D057', 'Tecnologia de Big Data', 70, 'C006'),
('D058', 'Redes P2P', 60, 'C006'),
('D059', 'Computação Quântica', 80, 'C006'),
('D060', 'Teoria de Autômatos', 70, 'C006'),

-- Disciplinas para o curso C007
('D061', 'Gestão de Projetos de TI', 70, 'C007'),
('D062', 'Gestão de Infraestrutura de TI', 80, 'C007'),
('D063', 'Desenvolvimento Ágil de Sistemas', 60, 'C007'),
('D064', 'Tecnologias Emergentes em TI', 70, 'C007'),
('D065', 'Gestão de Banco de Dados', 60, 'C007'),
('D066', 'Gestão da Segurança da Informação', 80, 'C007'),
('D067', 'Arquitetura de Soluções de TI', 70, 'C007'),
('D068', 'Business Intelligence', 60, 'C007'),
('D069', 'Governança de TI', 80, 'C007'),
('D070', 'TI Estratégica', 70, 'C007'),

-- Disciplinas para o curso C008
('D071', 'Fundamentos de Redes de Computadores', 60, 'C008'),
('D072', 'Desenvolvimento Web Front-End', 80, 'C008'),
('D073', 'Desenvolvimento Web Back-End', 70, 'C008'),
('D074', 'Desenvolvimento de APIs RESTful', 60, 'C008'),
('D075', 'Desenvolvimento de Aplicações com JavaScript', 70, 'C008'),
('D076', 'Banco de Dados para Web', 80, 'C008'),
('D077', 'Segurança em Aplicações Web', 60, 'C008'),
('D078', 'Design de Interface de Usuário', 70, 'C008'),
('D079', 'Frameworks de Desenvolvimento Web', 80, 'C008'),
('D080', 'Testes de Software', 60, 'C008'),

-- Disciplinas para o curso C009
('D081', 'Inteligência Artificial Aplicada', 80, 'C009'),
('D082', 'Redes Neurais', 70, 'C009'),
('D083', 'Algoritmos de Aprendizado de Máquina', 60, 'C009'),
('D084', 'Visão Computacional', 80, 'C009'),
('D085', 'Robótica Inteligente', 70, 'C009'),
('D086', 'Big Data e Machine Learning', 80, 'C009'),
('D087', 'Data Mining', 70, 'C009'),
('D088', 'Processamento de Linguagem Natural', 60, 'C009'),
('D089', 'Ética e IA', 80, 'C009'),
('D090', 'Sistemas Inteligentes', 70, 'C009'),

-- Disciplinas para o curso C010
('D091', 'Fundamentos de Segurança Cibernética', 60, 'C010'),
('D092', 'Criptografia', 80, 'C010'),
('D093', 'Segurança em Redes', 70, 'C010'),
('D094', 'Gestão de Riscos em TI', 80, 'C010'),
('D095', 'Ataques e Defesa em Sistemas de TI', 60, 'C010'),
('D096', 'Sistemas de Detecção de Intrusão', 80, 'C010'),
('D097', 'Segurança em Aplicações', 70, 'C010'),
('D098', 'Análise Forense Digital', 60, 'C010'),
('D099', 'Gestão de Incidentes de Segurança', 80, 'C010'),
('D100', 'Auditoria de Sistemas de TI', 70, 'C010');


INSERT INTO especialidades (cod_especialidade, descricao, ni_professor) VALUES
('E001', 'Programação Web', 'P001'),
('E002', 'Banco de Dados', 'P002'),
('E003', 'Redes de Computadores', 'P003'),
('E004', 'Desenvolvimento de Software', 'P004'),
('E005', 'Engenharia de Software', 'P005'),
('E006', 'Segurança da Informação', 'P006'),
('E007', 'Inteligência Artificial', 'P007'),
('E008', 'Gestão de Projetos de TI', 'P008'),
('E009', 'Lógica de Programação', 'P009'),
('E010', 'Sistemas Operacionais', 'P010');



-- Disciplinas ministradas pelos professores (100 disciplinas distribuídas entre 10 professores)
INSERT INTO professores_disciplinas (ni_professor, cod_disciplina) VALUES
('P001', 'D001'),
('P001', 'D002'),
('P001', 'D003'),
('P001', 'D004'),
('P001', 'D005'),
('P001', 'D006'),
('P001', 'D007'),
('P001', 'D008'),
('P001', 'D009'),
('P001', 'D010'),
('P002', 'D011'),
('P002', 'D012'),
('P002', 'D013'),
('P002', 'D014'),
('P002', 'D015'),
('P002', 'D016'),
('P002', 'D017'),
('P002', 'D018'),
('P002', 'D019'),
('P002', 'D020'),
('P003', 'D021'),
('P003', 'D022'),
('P003', 'D023'),
('P003', 'D024'),
('P003', 'D025'),
('P003', 'D026'),
('P003', 'D027'),
('P003', 'D028'),
('P003', 'D029'),
('P003', 'D030'),
('P004', 'D031'),
('P004', 'D032'),
('P004', 'D033'),
('P004', 'D034'),
('P004', 'D035'),
('P004', 'D036'),
('P004', 'D037'),
('P004', 'D038'),
('P004', 'D039'),
('P004', 'D040'),
('P005', 'D041'),
('P005', 'D042'),
('P005', 'D043'),
('P005', 'D044'),
('P005', 'D045'),
('P005', 'D046'),
('P005', 'D047'),
('P005', 'D048'),
('P005', 'D049'),
('P005', 'D050'),
('P006', 'D051'),
('P006', 'D052'),
('P006', 'D053'),
('P006', 'D054'),
('P006', 'D055'),
('P006', 'D056'),
('P006', 'D057'),
('P006', 'D058'),
('P006', 'D059'),
('P006', 'D060'),
('P007', 'D061'),
('P007', 'D062'),
('P007', 'D063'),
('P007', 'D064'),
('P007', 'D065'),
('P007', 'D066'),
('P007', 'D067'),
('P007', 'D068'),
('P007', 'D069'),
('P007', 'D070'),
('P008', 'D071'),
('P008', 'D072'),
('P008', 'D073'),
('P008', 'D074'),
('P008', 'D075'),
('P008', 'D076'),
('P008', 'D077'),
('P008', 'D078'),
('P008', 'D079'),
('P008', 'D080'),
('P009', 'D081'),
('P009', 'D082'),
('P009', 'D083'),
('P009', 'D084'),
('P009', 'D085'),
('P009', 'D086'),
('P009', 'D087'),
('P009', 'D088'),
('P009', 'D089'),
('P009', 'D090'),
('P010', 'D091'),
('P010', 'D092'),
('P010', 'D093'),
('P010', 'D094'),
('P010', 'D095'),
('P010', 'D096'),
('P010', 'D097'),
('P010', 'D098'),
('P010', 'D099'),
('P010', 'D100');


-- Inserção de notas para todos os 50 alunos nas turmas e disciplinas
INSERT INTO notas (matricula_aluno, cod_disciplina, cod_turma, nota, ano, semestre) VALUES
('MATR001', 'D001', 'T001', 8.5, 2024, 1),
('MATR001', 'D002', 'T001', 7.0, 2024, 1),
('MATR001', 'D003', 'T001', 9.5, 2024, 1),
('MATR001', 'D004', 'T001', 6.7, 2024, 1),
('MATR001', 'D005', 'T001', 8.0, 2024, 1),
('MATR002', 'D001', 'T002', 7.5, 2024, 1),
('MATR002', 'D002', 'T002', 6.5, 2024, 1),
('MATR002', 'D003', 'T002', 8.2, 2024, 1),
('MATR002', 'D004', 'T002', 9.0, 2024, 1),
('MATR002', 'D005', 'T002', 7.8, 2024, 1),
('MATR003', 'D006', 'T003', 7.9, 2024, 1),
('MATR003', 'D007', 'T003', 9.1, 2024, 1),
('MATR003', 'D008', 'T003', 6.4, 2024, 1),
('MATR003', 'D009', 'T003', 8.6, 2024, 1),
('MATR003', 'D010', 'T003', 9.3, 2024, 1),
('MATR004', 'D011', 'T004', 8.1, 2024, 1),
('MATR004', 'D012', 'T004', 7.2, 2024, 1),
('MATR004', 'D013', 'T004', 8.7, 2024, 1),
('MATR004', 'D014', 'T004', 6.9, 2024, 1),
('MATR004', 'D015', 'T004', 9.4, 2024, 1),
('MATR005', 'D016', 'T005', 8.9, 2024, 1),
('MATR005', 'D017', 'T005', 7.3, 2024, 1),
('MATR005', 'D018', 'T005', 8.2, 2024, 1),
('MATR005', 'D019', 'T005', 9.1, 2024, 1),
('MATR005', 'D020', 'T005', 7.7, 2024, 1),
('MATR006', 'D021', 'T006', 6.8, 2024, 1),
('MATR006', 'D022', 'T006', 9.2, 2024, 1),
('MATR006', 'D023', 'T006', 7.6, 2024, 1),
('MATR006', 'D024', 'T006', 8.3, 2024, 1),
('MATR006', 'D025', 'T006', 9.4, 2024, 1),
('MATR007', 'D026', 'T007', 7.1, 2024, 1),
('MATR007', 'D027', 'T007', 8.5, 2024, 1),
('MATR007', 'D028', 'T007', 6.9, 2024, 1),
('MATR007', 'D029', 'T007', 9.0, 2024, 1),
('MATR007', 'D030', 'T007', 8.4, 2024, 1),
('MATR008', 'D031', 'T008', 7.3, 2024, 1),
('MATR008', 'D032', 'T008', 8.6, 2024, 1),
('MATR008', 'D033', 'T008', 9.0, 2024, 1),
('MATR008', 'D034', 'T008', 6.7, 2024, 1),
('MATR008', 'D035', 'T008', 9.2, 2024, 1),
('MATR009', 'D036', 'T009', 8.0, 2024, 1),
('MATR009', 'D037', 'T009', 7.5, 2024, 1),
('MATR009', 'D038', 'T009', 6.8, 2024, 1),
('MATR009', 'D039', 'T009', 9.3, 2024, 1),
('MATR009', 'D040', 'T009', 7.9, 2024, 1),
('MATR010', 'D041', 'T010', 8.8, 2024, 1),
('MATR010', 'D042', 'T010', 7.2, 2024, 1),
('MATR010', 'D043', 'T010', 9.0, 2024, 1),
('MATR010', 'D044', 'T010', 8.1, 2024, 1),
('MATR010', 'D045', 'T010', 7.4, 2024, 1),
('MATR011', 'D046', 'T011', 8.2, 2024, 1),
('MATR011', 'D047', 'T011', 9.1, 2024, 1),
('MATR011', 'D048', 'T011', 7.0, 2024, 1),
('MATR011', 'D049', 'T011', 9.4, 2024, 1),
('MATR011', 'D050', 'T011', 7.8, 2024, 1),
('MATR012', 'D056', 'T012', 8.3, 2024, 1),
('MATR012', 'D057', 'T012', 7.6, 2024, 1),
('MATR012', 'D058', 'T012', 6.9, 2024, 1),
('MATR012', 'D059', 'T012', 9.2, 2024, 1),
('MATR012', 'D060', 'T012', 8.4, 2024, 1),
('MATR013', 'D061', 'T013', 8.1, 2024, 1),
('MATR013', 'D062', 'T013', 7.4, 2024, 1),
('MATR013', 'D063', 'T013', 9.3, 2024, 1),
('MATR013', 'D064', 'T013', 7.8, 2024, 1),
('MATR013', 'D065', 'T013', 9.0, 2024, 1),
('MATR014', 'D066', 'T014', 8.1, 2024, 1),
('MATR014', 'D067', 'T014', 7.5, 2024, 1),
('MATR014', 'D068', 'T014', 9.0, 2024, 1),
('MATR014', 'D069', 'T014', 6.7, 2024, 1),
('MATR014', 'D070', 'T014', 8.4, 2024, 1),
('MATR015', 'D071', 'T015', 7.9, 2024, 1),
('MATR015', 'D072', 'T015', 8.3, 2024, 1),
('MATR015', 'D073', 'T015', 6.8, 2024, 1),
('MATR015', 'D074', 'T015', 9.2, 2024, 1),
('MATR015', 'D075', 'T015', 7.6, 2024, 1),
('MATR016', 'D076', 'T016', 8.0, 2024, 1),
('MATR016', 'D077', 'T016', 7.2, 2024, 1),
('MATR016', 'D078', 'T016', 9.1, 2024, 1),
('MATR016', 'D079', 'T016', 8.5, 2024, 1),
('MATR016', 'D080', 'T016', 7.4, 2024, 1),
('MATR017', 'D081', 'T017', 8.9, 2024, 1),
('MATR017', 'D082', 'T017', 6.7, 2024, 1),
('MATR017', 'D083', 'T017', 8.2, 2024, 1),
('MATR017', 'D084', 'T017', 9.3, 2024, 1),
('MATR017', 'D085', 'T017', 7.8, 2024, 1),
('MATR018', 'D086', 'T018', 7.3, 2024, 1),
('MATR018', 'D087', 'T018', 8.6, 2024, 1),
('MATR018', 'D088', 'T018', 6.9, 2024, 1),
('MATR018', 'D089', 'T018', 8.7, 2024, 1),
('MATR018', 'D090', 'T018', 9.0, 2024, 1),
('MATR019', 'D091', 'T019', 8.4, 2024, 1),
('MATR019', 'D092', 'T019', 7.6, 2024, 1),
('MATR019', 'D093', 'T019', 9.2, 2024, 1),
('MATR019', 'D094', 'T019', 6.8, 2024, 1),
('MATR019', 'D095', 'T019', 8.3, 2024, 1),
('MATR020', 'D096', 'T020', 8.7, 2024, 1),
('MATR020', 'D097', 'T020', 7.1, 2024, 1),
('MATR020', 'D098', 'T020', 9.0, 2024, 1),
('MATR020', 'D099', 'T020', 7.8, 2024, 1),
('MATR020', 'D100', 'T020', 6.9, 2024, 1),
('MATR021', 'D001', 'T001', 8.4, 2024, 1),
('MATR021', 'D002', 'T001', 7.9, 2024, 1),
('MATR021', 'D003', 'T001', 9.1, 2024, 1),
('MATR021', 'D004', 'T001', 6.8, 2024, 1),
('MATR021', 'D005', 'T001', 8.2, 2024, 1),
('MATR022', 'D006', 'T002', 7.6, 2024, 1),
('MATR022', 'D007', 'T002', 8.8, 2024, 1),
('MATR022', 'D008', 'T002', 6.9, 2024, 1),
('MATR022', 'D009', 'T002', 9.3, 2024, 1),
('MATR022', 'D010', 'T002', 8.0, 2024, 1),
('MATR023', 'D011', 'T003', 8.7, 2024, 1),
('MATR023', 'D012', 'T003', 7.4, 2024, 1),
('MATR023', 'D013', 'T003', 9.0, 2024, 1),
('MATR023', 'D014', 'T003', 6.5, 2024, 1),
('MATR023', 'D015', 'T003', 8.3, 2024, 1),
('MATR024', 'D016', 'T004', 7.8, 2024, 1),
('MATR024', 'D017', 'T004', 8.1, 2024, 1),
('MATR024', 'D018', 'T004', 6.7, 2024, 1),
('MATR024', 'D019', 'T004', 9.2, 2024, 1),
('MATR024', 'D020', 'T004', 8.5, 2024, 1),
('MATR025', 'D021', 'T005', 8.6, 2024, 1),
('MATR025', 'D022', 'T005', 7.3, 2024, 1),
('MATR025', 'D023', 'T005', 9.4, 2024, 1),
('MATR025', 'D024', 'T005', 6.9, 2024, 1),
('MATR025', 'D025', 'T005', 8.0, 2024, 1),
('MATR025', 'D026', 'T005', 8.2, 2024, 1),
('MATR025', 'D027', 'T005', 7.8, 2024, 1),
('MATR025', 'D028', 'T005', 9.0, 2024, 1),
('MATR025', 'D029', 'T005', 6.9, 2024, 1),
('MATR025', 'D030', 'T005', 8.5, 2024, 1),
('MATR026', 'D031', 'T006', 7.9, 2024, 1),
('MATR026', 'D032', 'T006', 8.4, 2024, 1),
('MATR026', 'D033', 'T006', 6.7, 2024, 1),
('MATR026', 'D034', 'T006', 9.1, 2024, 1),
('MATR026', 'D035', 'T006', 8.0, 2024, 1),
('MATR027', 'D036', 'T007', 8.8, 2024, 1),
('MATR027', 'D037', 'T007', 7.5, 2024, 1),
('MATR027', 'D038', 'T007', 9.2, 2024, 1),
('MATR027', 'D039', 'T007', 6.8, 2024, 1),
('MATR027', 'D040', 'T007', 8.1, 2024, 1),
('MATR028', 'D041', 'T008', 7.6, 2024, 1),
('MATR028', 'D042', 'T008', 8.3, 2024, 1),
('MATR028', 'D043', 'T008', 9.4, 2024, 1),
('MATR028', 'D044', 'T008', 6.9, 2024, 1),
('MATR028', 'D045', 'T008', 8.2, 2024, 1),
('MATR029', 'D046', 'T009', 8.7, 2024, 1),
('MATR029', 'D047', 'T009', 7.3, 2024, 1),
('MATR029', 'D048', 'T009', 9.5, 2024, 1),
('MATR029', 'D049', 'T009', 6.7, 2024, 1),
('MATR029', 'D050', 'T009', 8.6, 2024, 1),
('MATR030', 'D051', 'T010', 8.9, 2024, 1),
('MATR030', 'D052', 'T010', 7.1, 2024, 1),
('MATR030', 'D053', 'T010', 9.3, 2024, 1),
('MATR030', 'D054', 'T010', 6.5, 2024, 1),
('MATR030', 'D055', 'T010', 8.4, 2024, 1),
('MATR030', 'D056', 'T010', 7.9, 2024, 1),
('MATR030', 'D057', 'T010', 8.5, 2024, 1),
('MATR030', 'D058', 'T010', 6.8, 2024, 1),
('MATR030', 'D059', 'T010', 9.2, 2024, 1),
('MATR030', 'D060', 'T010', 8.0, 2024, 1),
('MATR031', 'D061', 'T011', 8.3, 2024, 1),
('MATR031', 'D062', 'T011', 7.6, 2024, 1),
('MATR031', 'D063', 'T011', 9.0, 2024, 1),
('MATR031', 'D064', 'T011', 6.7, 2024, 1),
('MATR031', 'D065', 'T011', 8.4, 2024, 1),
('MATR032', 'D066', 'T012', 7.8, 2024, 1),
('MATR032', 'D067', 'T012', 8.1, 2024, 1),
('MATR032', 'D068', 'T012', 9.3, 2024, 1),
('MATR032', 'D069', 'T012', 6.9, 2024, 1),
('MATR032', 'D070', 'T012', 8.6, 2024, 1),
('MATR033', 'D071', 'T013', 8.9, 2024, 1),
('MATR033', 'D072', 'T013', 7.2, 2024, 1),
('MATR033', 'D073', 'T013', 9.1, 2024, 1),
('MATR033', 'D074', 'T013', 6.5, 2024, 1),
('MATR033', 'D075', 'T013', 8.7, 2024, 1),
('MATR034', 'D076', 'T014', 7.3, 2024, 1),
('MATR034', 'D077', 'T014', 8.4, 2024, 1),
('MATR034', 'D078', 'T014', 9.0, 2024, 1),
('MATR034', 'D079', 'T014', 6.8, 2024, 1),
('MATR034', 'D080', 'T014', 8.2, 2024, 1),
('MATR035', 'D081', 'T015', 8.5, 2024, 1),
('MATR035', 'D082', 'T015', 7.4, 2024, 1),
('MATR035', 'D083', 'T015', 9.2, 2024, 1),
('MATR035', 'D084', 'T015', 6.7, 2024, 1),
('MATR035', 'D085', 'T015', 8.8, 2024, 1),
('MATR036', 'D086', 'T016', 7.8, 2024, 1),
('MATR036', 'D087', 'T016', 8.3, 2024, 1),
('MATR036', 'D088', 'T016', 9.1, 2024, 1),
('MATR036', 'D089', 'T016', 6.9, 2024, 1),
('MATR036', 'D090', 'T016', 8.4, 2024, 1),
('MATR037', 'D091', 'T017', 8.5, 2024, 1),
('MATR037', 'D092', 'T017', 7.7, 2024, 1),
('MATR037', 'D093', 'T017', 9.2, 2024, 1),
('MATR037', 'D094', 'T017', 6.8, 2024, 1),
('MATR037', 'D095', 'T017', 8.6, 2024, 1),
('MATR038', 'D096', 'T018', 7.9, 2024, 1),
('MATR038', 'D097', 'T018', 8.1, 2024, 1),
('MATR038', 'D098', 'T018', 9.0, 2024, 1),
('MATR038', 'D099', 'T018', 6.7, 2024, 1),
('MATR038', 'D100', 'T018', 8.2, 2024, 1),
('MATR039', 'D001', 'T019', 8.7, 2024, 1),
('MATR039', 'D002', 'T019', 7.4, 2024, 1),
('MATR039', 'D003', 'T019', 9.3, 2024, 1),
('MATR039', 'D004', 'T019', 6.6, 2024, 1),
('MATR039', 'D005', 'T019', 8.5, 2024, 1),
('MATR040', 'D006', 'T020', 7.5, 2024, 1),
('MATR040', 'D007', 'T020', 8.2, 2024, 1),
('MATR040', 'D008', 'T020', 9.4, 2024, 1),
('MATR040', 'D009', 'T020', 6.9, 2024, 1),
('MATR040', 'D010', 'T020', 8.1, 2024, 1),
('MATR041', 'D011', 'T001', 8.3, 2024, 1),
('MATR041', 'D012', 'T001', 7.8, 2024, 1),
('MATR041', 'D013', 'T001', 9.0, 2024, 1),
('MATR041', 'D014', 'T001', 6.9, 2024, 1),
('MATR041', 'D015', 'T001', 8.2, 2024, 1),
('MATR042', 'D016', 'T002', 8.6, 2024, 1),
('MATR042', 'D017', 'T002', 7.4, 2024, 1),
('MATR042', 'D018', 'T002', 9.3, 2024, 1),
('MATR042', 'D019', 'T002', 6.8, 2024, 1),
('MATR042', 'D020', 'T002', 8.5, 2024, 1),
('MATR043', 'D021', 'T003', 7.9, 2024, 1),
('MATR043', 'D022', 'T003', 8.2, 2024, 1),
('MATR043', 'D023', 'T003', 9.1, 2024, 1),
('MATR043', 'D024', 'T003', 6.7, 2024, 1),
('MATR043', 'D025', 'T003', 8.3, 2024, 1),
('MATR044', 'D026', 'T004', 8.7, 2024, 1),
('MATR044', 'D027', 'T004', 7.6, 2024, 1),
('MATR044', 'D028', 'T004', 9.4, 2024, 1),
('MATR044', 'D029', 'T004', 6.5, 2024, 1),
('MATR044', 'D030', 'T004', 8.9, 2024, 1),
('MATR045', 'D031', 'T005', 7.5, 2024, 1),
('MATR045', 'D032', 'T005', 8.1, 2024, 1),
('MATR045', 'D033', 'T005', 9.2, 2024, 1),
('MATR045', 'D034', 'T005', 6.6, 2024, 1),
('MATR045', 'D035', 'T005', 8.8, 2024, 1),
('MATR046', 'D036', 'T006', 7.8, 2024, 1),
('MATR046', 'D037', 'T006', 8.4, 2024, 1),
('MATR046', 'D038', 'T006', 9.5, 2024, 1),
('MATR046', 'D039', 'T006', 6.9, 2024, 1),
('MATR046', 'D040', 'T006', 8.7, 2024, 1),
('MATR047', 'D041', 'T007', 8.2, 2024, 1),
('MATR047', 'D042', 'T007', 7.9, 2024, 1),
('MATR047', 'D043', 'T007', 9.1, 2024, 1),
('MATR047', 'D044', 'T007', 6.8, 2024, 1),
('MATR047', 'D045', 'T007', 8.4, 2024, 1),
('MATR048', 'D046', 'T008', 8.6, 2024, 1),
('MATR048', 'D047', 'T008', 7.5, 2024, 1),
('MATR048', 'D048', 'T008', 9.3, 2024, 1),
('MATR048', 'D049', 'T008', 6.7, 2024, 1),
('MATR048', 'D050', 'T008', 8.9, 2024, 1),
('MATR049', 'D051', 'T009', 7.7, 2024, 1),
('MATR049', 'D052', 'T009', 8.3, 2024, 1),
('MATR049', 'D053', 'T009', 9.2, 2024, 1),
('MATR049', 'D054', 'T009', 6.5, 2024, 1),
('MATR049', 'D055', 'T009', 8.8, 2024, 1),
('MATR050', 'D056', 'T010', 8.1, 2024, 1),
('MATR050', 'D057', 'T010', 7.8, 2024, 1),
('MATR050', 'D058', 'T010', 9.0, 2024, 1),
('MATR050', 'D059', 'T010', 6.6, 2024, 1),
('MATR050', 'D060', 'T010', 8.5, 2024, 1);